Protocollo;Gruppo;DataOraIncidente;Localizzazione1;STRADA1;Localizzazione2;STRADA2;Strada02;Chilometrica;DaSpecificare;NaturaIncidente;particolaritastrade;TipoStrada;FondoStradale;Pavimentazione;Segnaletica;CondizioneAtmosferica;Traffico;Visibilita;Illuminazione;NUM_FERITI;NUM_RISERVATA;NUM_MORTI;NUM_ILLESI;Longitudine;Latitudine;Confermato;Progressivo;TipoVeicolo;StatoVeicolo;TipoPersona;Sesso;Tipolesione;Deceduto;DecedutoDopo;CinturaCascoUtilizzato;Airbag
1877987;10;05/06/2011 09:50;Strada Urbana;VIA DEL PONTE DELLE SETTE MIGLIA;all'intersezione con;VIA SALVATORE BARZILAI;VIA SALVATORE BARZILAI;;;Scontro laterale fra veicoli in marcia;Incrocio;Una carreggiata a doppio senso;Asciutto;Asfaltata;Verticale ed orizzontale;Sereno;Normale;Buona;Ore Diurne;1;0;0;5;;;-1;2;Autovettura privata;In marcia / fermata / arresto;Passeggero;F;Illeso;0;;Non accertato;Inesploso
1877987;10;05/06/2011 09:50;Strada Urbana;VIA DEL PONTE DELLE SETTE MIGLIA;all'intersezione con;VIA SALVATORE BARZILAI;VIA SALVATORE BARZILAI;;;Scontro laterale fra veicoli in marcia;Incrocio;Una carreggiata a doppio senso;Asciutto;Asfaltata;Verticale ed orizzontale;Sereno;Normale;Buona;Ore Diurne;1;0;0;5;;;-1;2;Autovettura privata;In marcia / fermata / arresto;Passeggero;F;Illeso;0;;Non accertato;Inesploso
1877987;10;05/06/2011 09:50;Strada Urbana;VIA DEL PONTE DELLE SETTE MIGLIA;all'intersezione con;VIA SALVATORE BARZILAI;VIA SALVATORE BARZILAI;;;Scontro laterale fra veicoli in marcia;Incrocio;Una carreggiata a doppio senso;Asciutto;Asfaltata;Verticale ed orizzontale;Sereno;Normale;Buona;Ore Diurne;1;0;0;5;;;-1;2;Autovettura privata;In marcia / fermata / arresto;Passeggero;F;Illeso;0;;Non accertato;Inesploso
1877988;8;05/06/2011 16:00;Strada Urbana;VIA DI ROCCA CENCIA;all'intersezione con;PIAZZA SERRULE;PIAZZA SERRULE;;;Scontro frontale/laterale SX fra veicoli in marcia;Incrocio;Una carreggiata a doppio senso;Bagnato (pioggia);Asfaltata;Verticale ed orizzontale;Pioggia in atto;Scarso;Buona;Ore Diurne;1;0;0;2;;;-1;1;Motociclo a solo;In marcia / fermata / arresto;Conducente;M;Rimandato;0;NON DECEDUTO;Non accertato;Inesistente
1877988;8;05/06/2011 16:00;Strada Urbana;VIA DI ROCCA CENCIA;all'intersezione con;PIAZZA SERRULE;PIAZZA SERRULE;;;Scontro frontale/laterale SX fra veicoli in marcia;Incrocio;Una carreggiata a doppio senso;Bagnato (pioggia);Asfaltata;Verticale ed orizzontale;Pioggia in atto;Scarso;Buona;Ore Diurne;1;0;0;2;;;-1;2;Autovettura privata;In marcia / fermata / arresto;Conducente;M;Illeso;0;;Non accertato;Inesploso
1877988;8;05/06/2011 16:00;Strada Urbana;VIA DI ROCCA CENCIA;all'intersezione con;PIAZZA SERRULE;PIAZZA SERRULE;;;Scontro frontale/laterale SX fra veicoli in marcia;Incrocio;Una carreggiata a doppio senso;Bagnato (pioggia);Asfaltata;Verticale ed orizzontale;Pioggia in atto;Scarso;Buona;Ore Diurne;1;0;0;2;;;-1;2;Autovettura privata;In marcia / fermata / arresto;Passeggero;F;Illeso;0;;Non accertato;Inesploso
1877989;5;03/06/2011 16:45;Strada Urbana;VIA DI CASAL BIANCO;all'intersezione con;VIA CANTERANO;VIA CANTERANO;;;Scontro frontale/laterale SX fra veicoli in marcia;Incrocio;Una carreggiata a doppio senso;Bagnato (umidità in atto);Asfaltata;Verticale ed orizzontale;Nuvoloso;Normale;Buona;Ore Diurne;0;0;0;3;;;-1;1;Autovettura privata;In marcia / fermata / arresto;Conducente;M;Illeso;0;;Non accertato;Inesistente
1877989;5;03/06/2011 16:45;Strada Urbana;VIA DI CASAL BIANCO;all'intersezione con;VIA CANTERANO;VIA CANTERANO;;;Scontro frontale/laterale SX fra veicoli in marcia;Incrocio;Una carreggiata a doppio senso;Bagnato (umidità in atto);Asfaltata;Verticale ed orizzontale;Nuvoloso;Normale;Buona;Ore Diurne;0;0;0;3;;;-1;1;Autovettura privata;In marcia / fermata / arresto;Passeggero;F;Illeso;0;;Non accertato;Inesistente
1877989;5;03/06/2011 16:45;Strada Urbana;VIA DI CASAL BIANCO;all'intersezione con;VIA CANTERANO;VIA CANTERANO;;;Scontro frontale/laterale SX fra veicoli in marcia;Incrocio;Una carreggiata a doppio senso;Bagnato (umidità in atto);Asfaltata;Verticale ed orizzontale;Nuvoloso;Normale;Buona;Ore Diurne;0;0;0;3;;;-1;2;Autovettura privata;In marcia / fermata / arresto;Conducente;F;Illeso;0;;Non accertato;Inesistente
1877990;10;05/06/2011 13:00;Strada Urbana;VIALE DEI CONSOLI;all'intersezione con;VIA LUCIO CALPURNIO BIBULO;VIA LUCIO CALPURNIO BIBULO;;;Infortunio per sola frenata improvvisa;Incrocio;Una carreggiata a senso unico di marcia;Asciutto;Asfaltata;Verticale ed orizzontale;Nuvoloso;Scarso;Buona;Ore Diurne;1;0;0;1;;;-1;1;Motociclo a solo;In marcia / fermata / arresto;Conducente;M;Rimandato;0;NON DECEDUTO;Utilizzato;Inesistente
1877990;10;05/06/2011 13:00;Strada Urbana;VIALE DEI CONSOLI;all'intersezione con;VIA LUCIO CALPURNIO BIBULO;VIA LUCIO CALPURNIO BIBULO;;;Infortunio per sola frenata improvvisa;Incrocio;Una carreggiata a senso unico di marcia;Asciutto;Asfaltata;Verticale ed orizzontale;Nuvoloso;Scarso;Buona;Ore Diurne;1;0;0;1;;;-1;2;Autovettura privata;In marcia / fermata / arresto;Conducente;M;Illeso;0;;Non accertato;Inesploso
1877991;8;05/06/2011 18:00;Strada Urbana;VIA DI TOR BELLA MONACA;da specificare;;;;altezza via di torrenova dir. GRA;Ribaltamento senza urto contro ostacolo fisso;Curva senza visuale libera;Una carreggiata a senso unico di marcia;Bagnato (pioggia);Asfaltata;Verticale ed orizzontale;Pioggia in atto;Normale;Sufficiente;Ore Diurne;1;0;0;0;;;-1;1;Autovettura privata;In marcia / fermata / arresto;Conducente;F;Rimandato;0;NON DECEDUTO;Non accertato;Inesistente
1877992;19;03/06/2011 22:10;Strada Urbana;VIA PROBA PETRONIA;in corrispondenza;;del civico n. ;64;;Scontro frontale fra veicoli in marcia;Rettilineo;Una carreggiata a doppio senso;Asciutto;Asfaltata;Assente;Sereno;Scarso;Buona;Sufficiente;0;0;0;3;;;-1;1;Autovettura privata;In marcia / fermata / arresto;Conducente;M;Illeso;0;;Non accertato;Inesistente
1877992;19;03/06/2011 22:10;Strada Urbana;VIA PROBA PETRONIA;in corrispondenza;;del civico n. ;64;;Scontro frontale fra veicoli in marcia;Rettilineo;Una carreggiata a doppio senso;Asciutto;Asfaltata;Assente;Sereno;Scarso;Buona;Sufficiente;0;0;0;3;;;-1;1;Autovettura privata;In marcia / fermata / arresto;Passeggero;M;Illeso;0;;Non accertato;Inesistente
1877992;19;03/06/2011 22:10;Strada Urbana;VIA PROBA PETRONIA;in corrispondenza;;del civico n. ;64;;Scontro frontale fra veicoli in marcia;Rettilineo;Una carreggiata a doppio senso;Asciutto;Asfaltata;Assente;Sereno;Scarso;Buona;Sufficiente;0;0;0;3;;;-1;2;Autovettura privata;In marcia / fermata / arresto;Conducente;M;Illeso;0;;Non accertato;Inesistente
1877993;10;03/06/2011 19:00;Strada Urbana;VIA ULDERICO MAZZOLANI;all'intersezione con;VIA IGNAZIO SCIMONELLI;VIA IGNAZIO SCIMONELLI;;;Tamponamento;Incrocio;Una carreggiata a doppio senso;Asciutto;Asfaltata;Verticale ed orizzontale;Sereno;Intenso;Buona;Ore Diurne;0;0;0;2;;;-1;1;Autovettura privata;In marcia / fermata / arresto;Conducente;M;Illeso;0;;Non accertato;Inesistente
1877993;10;03/06/2011 19:00;Strada Urbana;VIA ULDERICO MAZZOLANI;all'intersezione con;VIA IGNAZIO SCIMONELLI;VIA IGNAZIO SCIMONELLI;;;Tamponamento;Incrocio;Una carreggiata a doppio senso;Asciutto;Asfaltata;Verticale ed orizzontale;Sereno;Intenso;Buona;Ore Diurne;0;0;0;2;;;-1;2;Autovettura privata;In marcia / fermata / arresto;Conducente;M;Illeso;0;;Non accertato;Inesistente
1877994;8;06/06/2011 05:00;Strada Urbana;VIA ALFONSO ALBERGHETTI;all'intersezione con;VIA DOMENICO BECCAFUMI;VIA DOMENICO BECCAFUMI;;;Scontro frontale/laterale SX fra veicoli in marcia;Incrocio;Una carreggiata a senso unico di marcia;Asciutto;Asfaltata;Verticale ed orizzontale;Sereno;Scarso;Buona;Sufficiente;2;0;0;1;;;-1;1;Autovettura privata;In marcia / fermata / arresto;Conducente;M;Illeso;0;;Non accertato;Inesistente
1877994;8;06/06/2011 05:00;Strada Urbana;VIA ALFONSO ALBERGHETTI;all'intersezione con;VIA DOMENICO BECCAFUMI;VIA DOMENICO BECCAFUMI;;;Scontro frontale/laterale SX fra veicoli in marcia;Incrocio;Una carreggiata a senso unico di marcia;Asciutto;Asfaltata;Verticale ed orizzontale;Sereno;Scarso;Buona;Sufficiente;2;0;0;1;;;-1;1;Autovettura privata;In marcia / fermata / arresto;Passeggero;M;Rifiuta cure immediate;0;NON DECEDUTO;Non accertato;Inesistente
1877994;8;06/06/2011 05:00;Strada Urbana;VIA ALFONSO ALBERGHETTI;all'intersezione con;VIA DOMENICO BECCAFUMI;VIA DOMENICO BECCAFUMI;;;Scontro frontale/laterale SX fra veicoli in marcia;Incrocio;Una carreggiata a senso unico di marcia;Asciutto;Asfaltata;Verticale ed orizzontale;Sereno;Scarso;Buona;Sufficiente;2;0;0;1;;;-1;2;Autovettura privata;In marcia / fermata / arresto;Conducente;M;Rifiuta cure immediate;0;NON DECEDUTO;Non accertato;Inesploso
1877996;5;04/06/2011 10:15;Strada Urbana;VIA DI PORTONACCIO;in prossimità;;del civico n. ;200;;Investimento di pedone;Rettilineo;Due carreggiate;Asciutto;Asfaltata;Verticale ed orizzontale;Sereno;Normale;Buona;Ore Diurne;0;0;0;4;;;-1;;;;Pedone;F;Illeso;0;;;
1877996;5;04/06/2011 10:15;Strada Urbana;VIA DI PORTONACCIO;in prossimità;;del civico n. ;200;;Investimento di pedone;Rettilineo;Due carreggiate;Asciutto;Asfaltata;Verticale ed orizzontale;Sereno;Normale;Buona;Ore Diurne;0;0;0;4;;;-1;;;;Pedone;F;Illeso;0;;;
1877996;5;04/06/2011 10:15;Strada Urbana;VIA DI PORTONACCIO;in prossimità;;del civico n. ;200;;Investimento di pedone;Rettilineo;Due carreggiate;Asciutto;Asfaltata;Verticale ed orizzontale;Sereno;Normale;Buona;Ore Diurne;0;0;0;4;;;-1;1;Motociclo a solo;In marcia / fermata / arresto;Conducente;F;Illeso;0;;Non accertato;Inesistente
1877996;5;04/06/2011 10:15;Strada Urbana;VIA DI PORTONACCIO;in prossimità;;del civico n. ;200;;Investimento di pedone;Rettilineo;Due carreggiate;Asciutto;Asfaltata;Verticale ed orizzontale;Sereno;Normale;Buona;Ore Diurne;0;0;0;4;;;-1;1;Motociclo a solo;In marcia / fermata / arresto;Passeggero;F;Illeso;0;;Non accertato;Inesistente
1877998;5;05/06/2011 11:45;Strada Urbana;VIA DELLA TENUTA DEL CAVALIERE;all'intersezione con;VIA OSTERIA DELLE CAPANNACCE;VIA OSTERIA DELLE CAPANNACCE;;;Scontro frontale/laterale SX fra veicoli in marcia;Incrocio;Una carreggiata a doppio senso;Asciutto;Asfaltata;Verticale ed orizzontale;Sereno;Scarso;Buona;Ore Diurne;0;0;0;2;;;-1;1;Motociclo a solo;In marcia / fermata / arresto;Conducente;M;Illeso;0;;Non accertato;Inesistente
1877998;5;05/06/2011 11:45;Strada Urbana;VIA DELLA TENUTA DEL CAVALIERE;all'intersezione con;VIA OSTERIA DELLE CAPANNACCE;VIA OSTERIA DELLE CAPANNACCE;;;Scontro frontale/laterale SX fra veicoli in marcia;Incrocio;Una carreggiata a doppio senso;Asciutto;Asfaltata;Verticale ed orizzontale;Sereno;Scarso;Buona;Ore Diurne;0;0;0;2;;;-1;2;Motociclo a solo;In marcia / fermata / arresto;Conducente;M;Illeso;0;;Non accertato;Inesistente
1877999;19;04/06/2011 10:45;Strada Urbana;VIA TRIONFALE;in corrispondenza;;del civico n. ;8574;;Scontro laterale fra veicoli in marcia;Rettilineo;Una carreggiata a senso unico di marcia;Asciutto;Asfaltata;Verticale ed orizzontale;Sereno;Normale;Buona;Ore Diurne;0;0;0;3;;;-1;1;Autovettura privata;In marcia / fermata / arresto;Conducente;F;Illeso;0;;Non accertato;Inesploso
1877999;19;04/06/2011 10:45;Strada Urbana;VIA TRIONFALE;in corrispondenza;;del civico n. ;8574;;Scontro laterale fra veicoli in marcia;Rettilineo;Una carreggiata a senso unico di marcia;Asciutto;Asfaltata;Verticale ed orizzontale;Sereno;Normale;Buona;Ore Diurne;0;0;0;3;;;-1;2;Autovettura privata;In marcia / fermata / arresto;Conducente;F;Illeso;0;;Non accertato;Inesploso
1877999;19;04/06/2011 10:45;Strada Urbana;VIA TRIONFALE;in corrispondenza;;del civico n. ;8574;;Scontro laterale fra veicoli in marcia;Rettilineo;Una carreggiata a senso unico di marcia;Asciutto;Asfaltata;Verticale ed orizzontale;Sereno;Normale;Buona;Ore Diurne;0;0;0;3;;;-1;2;Autovettura privata;In marcia / fermata / arresto;Passeggero;F;Illeso;0;;Non accertato;Inesistente
1878000;15;05/06/2011 18:50;Strada Urbana;VIA DELLE VIGNE;all'intersezione con;VIA LANFRANCO MAROI;VIA LANFRANCO MAROI;;;Veicolo in marcia contro ostacolo accidentale;Intersezione non regolata/non segnalata;Una carreggiata a doppio senso;Bagnato (pioggia);Asfaltata;Assente;Pioggia in atto;Normale;Buona;Ore Diurne;0;0;0;1;;;-1;1;Autovettura privata;In marcia / fermata / arresto;Conducente;M;Illeso;0;;Utilizzato;Inesistente
1878001;19;04/06/2011 22:40;Strada Urbana;VIALE MONFORTANI;in prossimità;;del civico n. ;51;;Scontro frontale/laterale DX fra veicoli in marcia;Rettilineo;Una carreggiata a doppio senso;Bagnato (umidità in atto);Asfaltata;Orizzontale;Nuvoloso;Scarso;Buona;Sufficiente;0;0;0;2;;;-1;1;Autovettura privata;In marcia / fermata / arresto;Conducente;M;Illeso;0;;Non accertato;Inesistente
1878001;19;04/06/2011 22:40;Strada Urbana;VIALE MONFORTANI;in prossimità;;del civico n. ;51;;Scontro frontale/laterale DX fra veicoli in marcia;Rettilineo;Una carreggiata a doppio senso;Bagnato (umidità in atto);Asfaltata;Orizzontale;Nuvoloso;Scarso;Buona;Sufficiente;0;0;0;2;;;-1;2;Ciclomotore;In marcia / fermata / arresto;Conducente;M;Illeso;0;;Non accertato;Inesistente
1878002;6;05/06/2011 08:45;Strada Urbana;VIA TEANO;all'intersezione con;VIA DEI GORDIANI;VIA DEI GORDIANI;;;Scontro frontale/laterale DX fra veicoli in marcia;Incrocio;Una carreggiata a senso unico di marcia;Asciutto;Asfaltata;Verticale ed orizzontale;Nuvoloso;Scarso;Buona;Ore Diurne;1;0;0;3;;;-1;1;Autovettura privata;In marcia / fermata / arresto;Conducente;M;Illeso;0;;Non accertato;Inesistente
1878002;6;05/06/2011 08:45;Strada Urbana;VIA TEANO;all'intersezione con;VIA DEI GORDIANI;VIA DEI GORDIANI;;;Scontro frontale/laterale DX fra veicoli in marcia;Incrocio;Una carreggiata a senso unico di marcia;Asciutto;Asfaltata;Verticale ed orizzontale;Nuvoloso;Scarso;Buona;Ore Diurne;1;0;0;3;;;-1;1;Autovettura privata;In marcia / fermata / arresto;Passeggero;F;Rifiuta cure immediate;0;NON DECEDUTO;Non accertato;Inesistente
1878002;6;05/06/2011 08:45;Strada Urbana;VIA TEANO;all'intersezione con;VIA DEI GORDIANI;VIA DEI GORDIANI;;;Scontro frontale/laterale DX fra veicoli in marcia;Incrocio;Una carreggiata a senso unico di marcia;Asciutto;Asfaltata;Verticale ed orizzontale;Nuvoloso;Scarso;Buona;Ore Diurne;1;0;0;3;;;-1;2;Autovettura privata;In marcia / fermata / arresto;Conducente;M;Illeso;0;;Non accertato;Inesploso
1878002;6;05/06/2011 08:45;Strada Urbana;VIA TEANO;all'intersezione con;VIA DEI GORDIANI;VIA DEI GORDIANI;;;Scontro frontale/laterale DX fra veicoli in marcia;Incrocio;Una carreggiata a senso unico di marcia;Asciutto;Asfaltata;Verticale ed orizzontale;Nuvoloso;Scarso;Buona;Ore Diurne;1;0;0;3;;;-1;2;Autovettura privata;In marcia / fermata / arresto;Passeggero;M;Illeso;0;;Non accertato;Inesistente
1878003;5;05/06/2011 16:35;Strada Urbana;VIA BELMONTE IN SABINA;in prossimità;;del palo luce n. ;7;;Veicolo in marcia contro veicolo in sosta;Rettilineo;Due carreggiate;Bagnato (pioggia);Asfaltata;Orizzontale;Pioggia in atto;Normale;Buona;Ore Diurne;1;0;0;3;;;-1;1;Autovettura privata;In marcia / fermata / arresto;Conducente;F;Illeso;0;;Non accertato;Inesploso
1878003;5;05/06/2011 16:35;Strada Urbana;VIA BELMONTE IN SABINA;in prossimità;;del palo luce n. ;7;;Veicolo in marcia contro veicolo in sosta;Rettilineo;Due carreggiate;Bagnato (pioggia);Asfaltata;Orizzontale;Pioggia in atto;Normale;Buona;Ore Diurne;1;0;0;3;;;-1;1;Autovettura privata;In marcia / fermata / arresto;Passeggero;M;Illeso;0;;Non accertato;Inesploso
1878003;5;05/06/2011 16:35;Strada Urbana;VIA BELMONTE IN SABINA;in prossimità;;del palo luce n. ;7;;Veicolo in marcia contro veicolo in sosta;Rettilineo;Due carreggiate;Bagnato (pioggia);Asfaltata;Orizzontale;Pioggia in atto;Normale;Buona;Ore Diurne;1;0;0;3;;;-1;2;Autovettura privata;In marcia / fermata / arresto;Conducente;M;Illeso;0;;Non accertato;Inesploso
1878003;5;05/06/2011 16:35;Strada Urbana;VIA BELMONTE IN SABINA;in prossimità;;del palo luce n. ;7;;Veicolo in marcia contro veicolo in sosta;Rettilineo;Due carreggiate;Bagnato (pioggia);Asfaltata;Orizzontale;Pioggia in atto;Normale;Buona;Ore Diurne;1;0;0;3;;;-1;2;Autovettura privata;In marcia / fermata / arresto;Passeggero;F;Rimandato;0;NON DECEDUTO;Non accertato;Inesploso
1878004;19;05/06/2011 00:10;Strada Urbana;VIALE DELLE MEDAGLIE D'ORO;all'intersezione semaforizzata con;VIA DUCCIO GALIMBERTI;VIA DUCCIO GALIMBERTI;;;Scontro laterale fra veicoli in marcia;Intersezione semaforizzata;Una carreggiata a doppio senso;Asciutto;Asfaltata;Verticale ed orizzontale;Nuvoloso;Scarso;Buona;Sufficiente;0;0;0;6;;;-1;1;Autovettura privata;In marcia / fermata / arresto;Conducente;M;Illeso;0;;Utilizzato;Inesploso
1878004;19;05/06/2011 00:10;Strada Urbana;VIALE DELLE MEDAGLIE D'ORO;all'intersezione semaforizzata con;VIA DUCCIO GALIMBERTI;VIA DUCCIO GALIMBERTI;;;Scontro laterale fra veicoli in marcia;Intersezione semaforizzata;Una carreggiata a doppio senso;Asciutto;Asfaltata;Verticale ed orizzontale;Nuvoloso;Scarso;Buona;Sufficiente;0;0;0;6;;;-1;1;Autovettura privata;In marcia / fermata / arresto;Passeggero;M;Illeso;0;;Non accertato;Inesploso
1878004;19;05/06/2011 00:10;Strada Urbana;VIALE DELLE MEDAGLIE D'ORO;all'intersezione semaforizzata con;VIA DUCCIO GALIMBERTI;VIA DUCCIO GALIMBERTI;;;Scontro laterale fra veicoli in marcia;Intersezione semaforizzata;Una carreggiata a doppio senso;Asciutto;Asfaltata;Verticale ed orizzontale;Nuvoloso;Scarso;Buona;Sufficiente;0;0;0;6;;;-1;2;Autovettura privata;In marcia / fermata / arresto;Conducente;M;Illeso;0;;Utilizzato;Inesploso
1878004;19;05/06/2011 00:10;Strada Urbana;VIALE DELLE MEDAGLIE D'ORO;all'intersezione semaforizzata con;VIA DUCCIO GALIMBERTI;VIA DUCCIO GALIMBERTI;;;Scontro laterale fra veicoli in marcia;Intersezione semaforizzata;Una carreggiata a doppio senso;Asciutto;Asfaltata;Verticale ed orizzontale;Nuvoloso;Scarso;Buona;Sufficiente;0;0;0;6;;;-1;2;Autovettura privata;In marcia / fermata / arresto;Passeggero;M;Illeso;0;;Non accertato;Inesistente
1878004;19;05/06/2011 00:10;Strada Urbana;VIALE DELLE MEDAGLIE D'ORO;all'intersezione semaforizzata con;VIA DUCCIO GALIMBERTI;VIA DUCCIO GALIMBERTI;;;Scontro laterale fra veicoli in marcia;Intersezione semaforizzata;Una carreggiata a doppio senso;Asciutto;Asfaltata;Verticale ed orizzontale;Nuvoloso;Scarso;Buona;Sufficiente;0;0;0;6;;;-1;2;Autovettura privata;In marcia / fermata / arresto;Passeggero;F;Illeso;0;;Non accertato;Inesistente
1878004;19;05/06/2011 00:10;Strada Urbana;VIALE DELLE MEDAGLIE D'ORO;all'intersezione semaforizzata con;VIA DUCCIO GALIMBERTI;VIA DUCCIO GALIMBERTI;;;Scontro laterale fra veicoli in marcia;Intersezione semaforizzata;Una carreggiata a doppio senso;Asciutto;Asfaltata;Verticale ed orizzontale;Nuvoloso;Scarso;Buona;Sufficiente;0;0;0;6;;;-1;2;Autovettura privata;In marcia / fermata / arresto;Passeggero;M;Illeso;0;;Non accertato;Inesistente
1878005;12;04/06/2011 15:30;Strada Urbana;VIA DEI LEGATORI;all'intersezione con;VIA DEGLI IMPRESSORI;VIA DEGLI IMPRESSORI;;;Scontro frontale/laterale SX fra veicoli in marcia;Incrocio;Una carreggiata a doppio senso;Asciutto;Asfaltata;Verticale;Sereno;Scarso;Buona;Ore Diurne;2;0;0;1;;;-1;1;Autovettura privata;In marcia / fermata / arresto;Conducente;F;Rimandato;0;NON DECEDUTO;Utilizzato;Inesploso
1878005;12;04/06/2011 15:30;Strada Urbana;VIA DEI LEGATORI;all'intersezione con;VIA DEGLI IMPRESSORI;VIA DEGLI IMPRESSORI;;;Scontro frontale/laterale SX fra veicoli in marcia;Incrocio;Una carreggiata a doppio senso;Asciutto;Asfaltata;Verticale;Sereno;Scarso;Buona;Ore Diurne;2;0;0;1;;;-1;1;Autovettura privata;In marcia / fermata / arresto;Passeggero;F;Rimandato;0;NON DECEDUTO;Utilizzato;Inesploso
1878005;12;04/06/2011 15:30;Strada Urbana;VIA DEI LEGATORI;all'intersezione con;VIA DEGLI IMPRESSORI;VIA DEGLI IMPRESSORI;;;Scontro frontale/laterale SX fra veicoli in marcia;Incrocio;Una carreggiata a doppio senso;Asciutto;Asfaltata;Verticale;Sereno;Scarso;Buona;Ore Diurne;2;0;0;1;;;-1;2;Autovettura privata;In marcia / fermata / arresto;Conducente;M;Illeso;0;;Utilizzato;Inesistente
1878006;5;05/06/2011 16:30;Strada Urbana;VIA BELMONTE IN SABINA;in corrispondenza;;del palo luce n. ;5;;Ribaltamento senza urto contro ostacolo fisso;Rettilineo;Due carreggiate;Bagnato (pioggia);Asfaltata;Verticale ed orizzontale;Pioggia in atto;Normale;Buona;Ore Diurne;2;0;0;0;;;-1;1;Autovettura privata;In marcia / fermata / arresto;Conducente;M;Rimandato;0;NON DECEDUTO;Non accertato;Inesistente
1878006;5;05/06/2011 16:30;Strada Urbana;VIA BELMONTE IN SABINA;in corrispondenza;;del palo luce n. ;5;;Ribaltamento senza urto contro ostacolo fisso;Rettilineo;Due carreggiate;Bagnato (pioggia);Asfaltata;Verticale ed orizzontale;Pioggia in atto;Normale;Buona;Ore Diurne;2;0;0;0;;;-1;1;Autovettura privata;In marcia / fermata / arresto;Passeggero;F;Rimandato;0;NON DECEDUTO;Non accertato;Inesistente
1878007;6;05/06/2011 15:15;Strada Urbana;VIA DELLA MARRANELLA;all'intersezione con;VIA ERATOSTENE;VIA ERATOSTENE;;;Scontro frontale/laterale SX fra veicoli in marcia;Incrocio;Una carreggiata a senso unico di marcia;Bagnato (umidità in atto);Asfaltata;Verticale ed orizzontale;Pioggia in atto;Scarso;Buona;Ore Diurne;0;0;0;2;;;-1;1;Autovettura privata;In marcia / fermata / arresto;Conducente;M;Illeso;0;;Non accertato;Inesistente
1878007;6;05/06/2011 15:15;Strada Urbana;VIA DELLA MARRANELLA;all'intersezione con;VIA ERATOSTENE;VIA ERATOSTENE;;;Scontro frontale/laterale SX fra veicoli in marcia;Incrocio;Una carreggiata a senso unico di marcia;Bagnato (umidità in atto);Asfaltata;Verticale ed orizzontale;Pioggia in atto;Scarso;Buona;Ore Diurne;0;0;0;2;;;-1;2;Autovettura privata;In marcia / fermata / arresto;Conducente;F;Illeso;0;;Non accertato;Inesistente
1878008;18;04/06/2011 00:45;Strada Urbana;PIAZZA PIO XI;all'intersezione semaforizzata con;VIA GREGORIO VII;VIA GREGORIO VII;;;Scontro frontale/laterale SX fra veicoli in marcia;Intersezione semaforizzata;Più di due carreggiate;Asciutto;Asfaltata;Verticale ed orizzontale;Sereno;Scarso;Sufficiente;Sufficiente;2;0;0;1;;;-1;1;Autovettura privata;In marcia / fermata / arresto;Conducente;M;Illeso;0;;Non accertato;Inesploso
1878008;18;04/06/2011 00:45;Strada Urbana;PIAZZA PIO XI;all'intersezione semaforizzata con;VIA GREGORIO VII;VIA GREGORIO VII;;;Scontro frontale/laterale SX fra veicoli in marcia;Intersezione semaforizzata;Più di due carreggiate;Asciutto;Asfaltata;Verticale ed orizzontale;Sereno;Scarso;Sufficiente;Sufficiente;2;0;0;1;;;-1;1;Autovettura privata;In marcia / fermata / arresto;Passeggero;M;Rifiuta cure immediate;0;NON DECEDUTO;Non accertato;Inesploso
1878008;18;04/06/2011 00:45;Strada Urbana;PIAZZA PIO XI;all'intersezione semaforizzata con;VIA GREGORIO VII;VIA GREGORIO VII;;;Scontro frontale/laterale SX fra veicoli in marcia;Intersezione semaforizzata;Più di due carreggiate;Asciutto;Asfaltata;Verticale ed orizzontale;Sereno;Scarso;Sufficiente;Sufficiente;2;0;0;1;;;-1;2;Ciclomotore;In marcia / fermata / arresto;Conducente;M;Rimandato;0;NON DECEDUTO;Utilizzato;Inesistente
1878009;6;05/06/2011 01:45;Strada Urbana;VIA CASILINA;all'intersezione semaforizzata con;LARGO GALEAZZO ALESSI;LARGO GALEAZZO ALESSI;;;Investimento di pedone;Intersezione semaforizzata;Due carreggiate;Asciutto;Asfaltata;Verticale ed orizzontale;Sereno;Scarso;Sufficiente;Sufficiente;0;1;0;0;;;-1;;;;Pedone;M;Prognosi riservata;0;NON DECEDUTO;;
1878010;6;05/06/2011 16:30;Strada Urbana;VIALE DELLA VENEZIA GIULIA;all'intersezione con;VIALE DELLA SERENISSIMA;VIALE DELLA SERENISSIMA;;;Scontro frontale/laterale DX fra veicoli in marcia;Incrocio;Due carreggiate;Bagnato (umidità in atto);Asfaltata;Verticale ed orizzontale;Pioggia in atto;Normale;Buona;Ore Diurne;0;0;0;2;;;-1;1;Autovettura privata;In marcia / fermata / arresto;Conducente;M;Illeso;0;;Non accertato;Inesistente
1878010;6;05/06/2011 16:30;Strada Urbana;VIALE DELLA VENEZIA GIULIA;all'intersezione con;VIALE DELLA SERENISSIMA;VIALE DELLA SERENISSIMA;;;Scontro frontale/laterale DX fra veicoli in marcia;Incrocio;Due carreggiate;Bagnato (umidità in atto);Asfaltata;Verticale ed orizzontale;Pioggia in atto;Normale;Buona;Ore Diurne;0;0;0;2;;;-1;2;Autovettura privata;In marcia / fermata / arresto;Conducente;M;Illeso;0;;Non accertato;Inesistente
1878011;5;05/06/2011 17:30;Strada Urbana;VIA TIBURTINA;da specificare;;;;A CIRCA 100 MT. CON L'INTERSEZ. CON VIA B. GIANNI;Tamponamento;Rettilineo;Una carreggiata a doppio senso;Bagnato (pioggia);Asfaltata;Verticale ed orizzontale;Pioggia in atto;Normale;Buona;Ore Diurne;3;0;0;3;;;-1;1;Autovettura privata;In marcia / fermata / arresto;Conducente;M;Illeso;0;;Non accertato;Inesistente