Protocollo;Gruppo;DataOraIncidente;Localizzazione1;STRADA1;Localizzazione2;STRADA2;Strada02;Chilometrica;DaSpecificare;NaturaIncidente;particolaritastrade;TipoStrada;FondoStradale;Pavimentazione;Segnaletica;CondizioneAtmosferica;Traffico;Visibilita;Illuminazione;NUM_FERITI;NUM_RISERVATA;NUM_MORTI;NUM_ILLESI;Longitudine;Latitudine;Confermato;Progressivo;TipoVeicolo;StatoVeicolo;TipoPersona;Sesso;Tipolesione;Deceduto;DecedutoDopo;CinturaCascoUtilizzato;Airbag
1878742;19;12/06/2011 20:30;Strada Urbana;VIA DELL'ACQUEDOTTO PAOLO;all'intersezione con;VIA FINALE LIGURE;VIA FINALE LIGURE;;;Scontro frontale/laterale DX fra veicoli in marcia;Incrocio;Una carreggiata a doppio senso;Asciutto;Asfaltata;Verticale;Sereno;Scarso;Buona;Sufficiente;0;0;0;3;;;-1;1;Autovettura privata;In marcia / fermata / arresto;Conducente;M;Illeso;0;;Non accertato;Inesploso
1878742;19;12/06/2011 20:30;Strada Urbana;VIA DELL'ACQUEDOTTO PAOLO;all'intersezione con;VIA FINALE LIGURE;VIA FINALE LIGURE;;;Scontro frontale/laterale DX fra veicoli in marcia;Incrocio;Una carreggiata a doppio senso;Asciutto;Asfaltata;Verticale;Sereno;Scarso;Buona;Sufficiente;0;0;0;3;;;-1;2;Autovettura privata;In marcia / fermata / arresto;Conducente;M;Illeso;0;;Non accertato;Inesistente
1878742;19;12/06/2011 20:30;Strada Urbana;VIA DELL'ACQUEDOTTO PAOLO;all'intersezione con;VIA FINALE LIGURE;VIA FINALE LIGURE;;;Scontro frontale/laterale DX fra veicoli in marcia;Incrocio;Una carreggiata a doppio senso;Asciutto;Asfaltata;Verticale;Sereno;Scarso;Buona;Sufficiente;0;0;0;3;;;-1;2;Autovettura privata;In marcia / fermata / arresto;Passeggero;F;Illeso;0;;Non accertato;Inesistente
1878743;9;12/06/2011 04:10;Strada Urbana;VIA PRENESTINA;all'intersezione semaforizzata con;VIA OLEVANO ROMANO;VIA OLEVANO ROMANO;;;Scontro laterale fra veicoli in marcia;Incrocio;Due carreggiate;Asciutto;Asfaltata;Verticale ed orizzontale;Sereno;Scarso;Buona;Sufficiente;0;0;0;4;;;-1;1;Autovettura di polizia;In marcia / fermata / arresto;Conducente;M;Illeso;0;;Non accertato;Inesistente
1878743;9;12/06/2011 04:10;Strada Urbana;VIA PRENESTINA;all'intersezione semaforizzata con;VIA OLEVANO ROMANO;VIA OLEVANO ROMANO;;;Scontro laterale fra veicoli in marcia;Incrocio;Due carreggiate;Asciutto;Asfaltata;Verticale ed orizzontale;Sereno;Scarso;Buona;Sufficiente;0;0;0;4;;;-1;1;Autovettura di polizia;In marcia / fermata / arresto;Passeggero;M;Illeso;0;;Non accertato;Inesistente
1878743;9;12/06/2011 04:10;Strada Urbana;VIA PRENESTINA;all'intersezione semaforizzata con;VIA OLEVANO ROMANO;VIA OLEVANO ROMANO;;;Scontro laterale fra veicoli in marcia;Incrocio;Due carreggiate;Asciutto;Asfaltata;Verticale ed orizzontale;Sereno;Scarso;Buona;Sufficiente;0;0;0;4;;;-1;2;Motociclo con passeggero;In marcia / fermata / arresto;Conducente;M;Illeso;0;;Non accertato;Inesistente
1878743;9;12/06/2011 04:10;Strada Urbana;VIA PRENESTINA;all'intersezione semaforizzata con;VIA OLEVANO ROMANO;VIA OLEVANO ROMANO;;;Scontro laterale fra veicoli in marcia;Incrocio;Due carreggiate;Asciutto;Asfaltata;Verticale ed orizzontale;Sereno;Scarso;Buona;Sufficiente;0;0;0;4;;;-1;2;Motociclo con passeggero;In marcia / fermata / arresto;Passeggero;M;Illeso;0;;Non accertato;Inesistente
1878744;19;12/06/2011 20:35;Strada Urbana;VIA DI TORREVECCHIA;in prossimità;;del civico n. ;298;;Scontro laterale fra veicoli in marcia;Rettilineo;Una carreggiata a doppio senso;Asciutto;Asfaltata;Orizzontale;Sereno;Normale;Buona;Sufficiente;0;0;0;5;;;-1;1;Autovettura privata;In marcia / fermata / arresto;Conducente;F;Illeso;0;;Non accertato;Inesistente
1878744;19;12/06/2011 20:35;Strada Urbana;VIA DI TORREVECCHIA;in prossimità;;del civico n. ;298;;Scontro laterale fra veicoli in marcia;Rettilineo;Una carreggiata a doppio senso;Asciutto;Asfaltata;Orizzontale;Sereno;Normale;Buona;Sufficiente;0;0;0;5;;;-1;1;Autovettura privata;In marcia / fermata / arresto;Passeggero;M;Illeso;0;;Non accertato;Inesistente
1878744;19;12/06/2011 20:35;Strada Urbana;VIA DI TORREVECCHIA;in prossimità;;del civico n. ;298;;Scontro laterale fra veicoli in marcia;Rettilineo;Una carreggiata a doppio senso;Asciutto;Asfaltata;Orizzontale;Sereno;Normale;Buona;Sufficiente;0;0;0;5;;;-1;1;Autovettura privata;In marcia / fermata / arresto;Passeggero;F;Illeso;0;;Non accertato;Inesistente
1878744;19;12/06/2011 20:35;Strada Urbana;VIA DI TORREVECCHIA;in prossimità;;del civico n. ;298;;Scontro laterale fra veicoli in marcia;Rettilineo;Una carreggiata a doppio senso;Asciutto;Asfaltata;Orizzontale;Sereno;Normale;Buona;Sufficiente;0;0;0;5;;;-1;1;Autovettura privata;In marcia / fermata / arresto;Passeggero;M;Illeso;0;;Non accertato;Inesistente
1878744;19;12/06/2011 20:35;Strada Urbana;VIA DI TORREVECCHIA;in prossimità;;del civico n. ;298;;Scontro laterale fra veicoli in marcia;Rettilineo;Una carreggiata a doppio senso;Asciutto;Asfaltata;Orizzontale;Sereno;Normale;Buona;Sufficiente;0;0;0;5;;;-1;3;Motociclo a solo;In marcia / fermata / arresto;Conducente;M;Illeso;0;;Non accertato;Inesistente
1878745;7;12/06/2011 00:50;Strada Urbana;VIALE PALMIRO TOGLIATTI;da specificare;;;;ALTEZZA VIA DELLE SIEPI;Scontro frontale/laterale SX fra veicoli in marcia;Rettilineo;Due carreggiate;Asciutto;Asfaltata;Verticale ed orizzontale;Sereno;Scarso;Buona;Sufficiente;0;0;0;3;;;-1;1;Autovettura pubblica;In marcia / fermata / arresto;Conducente;M;Illeso;0;;Non accertato;Inesploso
1878745;7;12/06/2011 00:50;Strada Urbana;VIALE PALMIRO TOGLIATTI;da specificare;;;;ALTEZZA VIA DELLE SIEPI;Scontro frontale/laterale SX fra veicoli in marcia;Rettilineo;Due carreggiate;Asciutto;Asfaltata;Verticale ed orizzontale;Sereno;Scarso;Buona;Sufficiente;0;0;0;3;;;-1;2;Ciclomotore;In marcia / fermata / arresto;Conducente;M;Illeso;0;;Non accertato;Inesistente
1878745;7;12/06/2011 00:50;Strada Urbana;VIALE PALMIRO TOGLIATTI;da specificare;;;;ALTEZZA VIA DELLE SIEPI;Scontro frontale/laterale SX fra veicoli in marcia;Rettilineo;Due carreggiate;Asciutto;Asfaltata;Verticale ed orizzontale;Sereno;Scarso;Buona;Sufficiente;0;0;0;3;;;-1;2;Ciclomotore;In marcia / fermata / arresto;Passeggero;M;Illeso;0;;Utilizzato;Inesistente
1878746;19;12/06/2011 19:00;Strada Urbana;VIA DI CASAL DEL MARMO;in prossimità;;del civico n. ;216;;Tamponamento;Rettilineo;Una carreggiata a doppio senso;Asciutto;Asfaltata;Orizzontale;Sereno;Scarso;Buona;Ore Diurne;0;0;0;5;;;-1;1;Autovettura privata;In marcia / fermata / arresto;Conducente;F;Illeso;0;;Non accertato;Inesploso
1878746;19;12/06/2011 19:00;Strada Urbana;VIA DI CASAL DEL MARMO;in prossimità;;del civico n. ;216;;Tamponamento;Rettilineo;Una carreggiata a doppio senso;Asciutto;Asfaltata;Orizzontale;Sereno;Scarso;Buona;Ore Diurne;0;0;0;5;;;-1;1;Autovettura privata;In marcia / fermata / arresto;Passeggero;F;Illeso;0;;Non accertato;Inesploso
1878746;19;12/06/2011 19:00;Strada Urbana;VIA DI CASAL DEL MARMO;in prossimità;;del civico n. ;216;;Tamponamento;Rettilineo;Una carreggiata a doppio senso;Asciutto;Asfaltata;Orizzontale;Sereno;Scarso;Buona;Ore Diurne;0;0;0;5;;;-1;1;Autovettura privata;In marcia / fermata / arresto;Passeggero;M;Illeso;0;;Non accertato;Inesistente
1878746;19;12/06/2011 19:00;Strada Urbana;VIA DI CASAL DEL MARMO;in prossimità;;del civico n. ;216;;Tamponamento;Rettilineo;Una carreggiata a doppio senso;Asciutto;Asfaltata;Orizzontale;Sereno;Scarso;Buona;Ore Diurne;0;0;0;5;;;-1;2;Autovettura privata;In marcia / fermata / arresto;Conducente;M;Illeso;0;;Non accertato;Inesploso
1878746;19;12/06/2011 19:00;Strada Urbana;VIA DI CASAL DEL MARMO;in prossimità;;del civico n. ;216;;Tamponamento;Rettilineo;Una carreggiata a doppio senso;Asciutto;Asfaltata;Orizzontale;Sereno;Scarso;Buona;Ore Diurne;0;0;0;5;;;-1;2;Autovettura privata;In marcia / fermata / arresto;Passeggero;F;Illeso;0;;Non accertato;Inesploso
1878748;20;12/06/2011 12:30;Strada Urbana;VIA DELLA STAZIONE DI CESANO;in prossimità;;del civico n. ;311;;Scontro laterale fra veicoli in marcia;Rettilineo;Una carreggiata a doppio senso;Asciutto;Asfaltata;Verticale ed orizzontale;Sereno;Scarso;Buona;Ore Diurne;0;0;0;2;;;-1;1;Motociclo a solo;In marcia / fermata / arresto;Conducente;M;Illeso;0;;Non accertato;Inesploso
1878748;20;12/06/2011 12:30;Strada Urbana;VIA DELLA STAZIONE DI CESANO;in prossimità;;del civico n. ;311;;Scontro laterale fra veicoli in marcia;Rettilineo;Una carreggiata a doppio senso;Asciutto;Asfaltata;Verticale ed orizzontale;Sereno;Scarso;Buona;Ore Diurne;0;0;0;2;;;-1;2;Autobus urbano;In marcia / fermata / arresto;Conducente;M;Illeso;0;;Non accertato;Inesploso
1878749;11;11/06/2011 16:00;Strada Urbana;VIA LAURENTINA;da specificare;;;;fronte civico 470;Veicolo in marcia contro ostacolo fisso;Rettilineo;Due carreggiate;Asciutto;Asfaltata;Verticale ed orizzontale;Sereno;Normale;Buona;Ore Diurne;2;0;0;0;;;-1;1;Autovettura privata;In marcia / fermata / arresto;Conducente;F;Rimandato;0;NON DECEDUTO;Non accertato;Esploso
1878749;11;11/06/2011 16:00;Strada Urbana;VIA LAURENTINA;da specificare;;;;fronte civico 470;Veicolo in marcia contro ostacolo fisso;Rettilineo;Due carreggiate;Asciutto;Asfaltata;Verticale ed orizzontale;Sereno;Normale;Buona;Ore Diurne;2;0;0;0;;;-1;1;Autovettura privata;In marcia / fermata / arresto;Passeggero;M;Rimandato;0;NON DECEDUTO;Non accertato;Inesistente
1878750;2;11/06/2011 15:10;Strada Urbana;VIA PO;all'intersezione con;VIA GIOVANNI SGAMBATI;VIA GIOVANNI SGAMBATI;;;Scontro frontale/laterale SX fra veicoli in marcia;Intersezione non regolata/non segnalata;Una carreggiata a doppio senso;Asciutto;Asfaltata;Orizzontale;Sereno;Scarso;Buona;Ore Diurne;2;0;0;1;;;-1;1;Autovettura privata;In marcia / fermata / arresto;Conducente;F;Illeso;0;;Non accertato;Inesistente
1878750;2;11/06/2011 15:10;Strada Urbana;VIA PO;all'intersezione con;VIA GIOVANNI SGAMBATI;VIA GIOVANNI SGAMBATI;;;Scontro frontale/laterale SX fra veicoli in marcia;Intersezione non regolata/non segnalata;Una carreggiata a doppio senso;Asciutto;Asfaltata;Orizzontale;Sereno;Scarso;Buona;Ore Diurne;2;0;0;1;;;-1;2;Autovettura privata;In marcia / fermata / arresto;Conducente;M;Rimandato;0;NON DECEDUTO;Non accertato;Inesistente
1878750;2;11/06/2011 15:10;Strada Urbana;VIA PO;all'intersezione con;VIA GIOVANNI SGAMBATI;VIA GIOVANNI SGAMBATI;;;Scontro frontale/laterale SX fra veicoli in marcia;Intersezione non regolata/non segnalata;Una carreggiata a doppio senso;Asciutto;Asfaltata;Orizzontale;Sereno;Scarso;Buona;Ore Diurne;2;0;0;1;;;-1;2;Autovettura privata;In marcia / fermata / arresto;Passeggero;F;Rimandato;0;NON DECEDUTO;Non accertato;Inesistente
1878751;2;11/06/2011 13:00;Strada Urbana;VIALE ETIOPIA;all'intersezione con;VIA TEMBIEN;VIA TEMBIEN;;;Infortunio per sola frenata improvvisa;Intersezione stradale segnalata;Due carreggiate;Asciutto;Asfaltata;Verticale ed orizzontale;Sereno;Scarso;Buona;Ore Diurne;1;0;0;2;;;-1;1;Motociclo a solo;In marcia / fermata / arresto;Conducente;M;Rimandato;0;NON DECEDUTO;Non accertato;Inesistente
1878751;2;11/06/2011 13:00;Strada Urbana;VIALE ETIOPIA;all'intersezione con;VIA TEMBIEN;VIA TEMBIEN;;;Infortunio per sola frenata improvvisa;Intersezione stradale segnalata;Due carreggiate;Asciutto;Asfaltata;Verticale ed orizzontale;Sereno;Scarso;Buona;Ore Diurne;1;0;0;2;;;-1;2;Autovettura privata;In marcia / fermata / arresto;Conducente;M;Illeso;0;;Non accertato;Inesistente
1878751;2;11/06/2011 13:00;Strada Urbana;VIALE ETIOPIA;all'intersezione con;VIA TEMBIEN;VIA TEMBIEN;;;Infortunio per sola frenata improvvisa;Intersezione stradale segnalata;Due carreggiate;Asciutto;Asfaltata;Verticale ed orizzontale;Sereno;Scarso;Buona;Ore Diurne;1;0;0;2;;;-1;2;Autovettura privata;In marcia / fermata / arresto;Passeggero;F;Illeso;0;;Non accertato;Inesistente
1878752;11;11/06/2011 15:20;Strada Urbana;VIA CRISTOFORO COLOMBO;all'intersezione semaforizzata con;VIA GIOVANNI GENOCCHI;VIA GIOVANNI GENOCCHI;;;Tamponamento;Incrocio;Una carreggiata a senso unico di marcia;Asciutto;Asfaltata;Verticale ed orizzontale;Sereno;Normale;Buona;Ore Diurne;0;0;0;4;;;-1;1;Autovettura privata;In marcia / fermata / arresto;Conducente;M;Illeso;0;;Utilizzato;Inesploso
1878752;11;11/06/2011 15:20;Strada Urbana;VIA CRISTOFORO COLOMBO;all'intersezione semaforizzata con;VIA GIOVANNI GENOCCHI;VIA GIOVANNI GENOCCHI;;;Tamponamento;Incrocio;Una carreggiata a senso unico di marcia;Asciutto;Asfaltata;Verticale ed orizzontale;Sereno;Normale;Buona;Ore Diurne;0;0;0;4;;;-1;2;Autovettura privata;In marcia / fermata / arresto;Conducente;F;Illeso;0;;Non accertato;Inesploso
1878752;11;11/06/2011 15:20;Strada Urbana;VIA CRISTOFORO COLOMBO;all'intersezione semaforizzata con;VIA GIOVANNI GENOCCHI;VIA GIOVANNI GENOCCHI;;;Tamponamento;Incrocio;Una carreggiata a senso unico di marcia;Asciutto;Asfaltata;Verticale ed orizzontale;Sereno;Normale;Buona;Ore Diurne;0;0;0;4;;;-1;3;Autovettura privata;In marcia / fermata / arresto;Conducente;M;Illeso;0;;Non accertato;Inesistente
1878752;11;11/06/2011 15:20;Strada Urbana;VIA CRISTOFORO COLOMBO;all'intersezione semaforizzata con;VIA GIOVANNI GENOCCHI;VIA GIOVANNI GENOCCHI;;;Tamponamento;Incrocio;Una carreggiata a senso unico di marcia;Asciutto;Asfaltata;Verticale ed orizzontale;Sereno;Normale;Buona;Ore Diurne;0;0;0;4;;;-1;3;Autovettura privata;In marcia / fermata / arresto;Passeggero;F;Illeso;0;;Non accertato;Inesploso
1878753;11;11/06/2011 13:30;Strada Urbana;VIA OSTIENSE;da specificare;;;;fronte civico 259;Veicolo in marcia contro veicolo in sosta;Rettilineo;Una carreggiata a senso unico di marcia;Asciutto;Asfaltata;Verticale;Sereno;Normale;Buona;Ore Diurne;0;0;0;1;;;-1;1;Autovettura privata;In marcia / fermata / arresto;Conducente;F;Illeso;0;;Utilizzato;Inesistente
1878754;1;13/06/2011 01:00;Strada Urbana;VIA DELL'AMBA ARADAM;da specificare;;;;fronte civ. 15;Veicolo in marcia contro veicoli fermi;Rettilineo;Una carreggiata a doppio senso;Asciutto;Asfaltata;Verticale ed orizzontale;Sereno;Scarso;Buona;Sufficiente;0;0;0;1;;;-1;1;Autovettura privata;In marcia / fermata / arresto;Conducente;M;Illeso;0;;Non accertato;Inesistente
1878755;5;12/06/2011 21:30;Strada Urbana;VIA DI GROTTA DI GREGNA;all'intersezione con;VIA DELLA VANGA;VIA DELLA VANGA;;;Scontro frontale/laterale SX fra veicoli in marcia;Incrocio;Due carreggiate;Asciutto;Asfaltata;Verticale ed orizzontale;Sereno;Scarso;Buona;Ore Diurne;1;0;0;2;;;-1;1;Autovettura privata;In marcia / fermata / arresto;Conducente;M;Illeso;0;;Non accertato;Inesistente
1878755;5;12/06/2011 21:30;Strada Urbana;VIA DI GROTTA DI GREGNA;all'intersezione con;VIA DELLA VANGA;VIA DELLA VANGA;;;Scontro frontale/laterale SX fra veicoli in marcia;Incrocio;Due carreggiate;Asciutto;Asfaltata;Verticale ed orizzontale;Sereno;Scarso;Buona;Ore Diurne;1;0;0;2;;;-1;1;Autovettura privata;In marcia / fermata / arresto;Passeggero;F;Rimandato;0;NON DECEDUTO;Non accertato;Inesistente
1878755;5;12/06/2011 21:30;Strada Urbana;VIA DI GROTTA DI GREGNA;all'intersezione con;VIA DELLA VANGA;VIA DELLA VANGA;;;Scontro frontale/laterale SX fra veicoli in marcia;Incrocio;Due carreggiate;Asciutto;Asfaltata;Verticale ed orizzontale;Sereno;Scarso;Buona;Ore Diurne;1;0;0;2;;;-1;2;Autovettura privata;In marcia / fermata / arresto;Conducente;M;Illeso;0;;Non accertato;Inesistente
1878756;5;11/06/2011 14:55;Statale entro l'abitato;VIA TIBURTINA;all'intersezione con;VIA RENATO SIMONI;VIA RENATO SIMONI;;;Veicolo in marcia contro veicolo fermo;Incrocio;Più di due carreggiate;Asciutto;Asfaltata;Orizzontale;Sereno;Normale;Buona;Ore Diurne;0;0;0;1;;;-1;1;Autovettura privata;In marcia / fermata / arresto;Conducente;M;Illeso;0;;Non accertato;Inesistente
1878757;5;10/06/2011 14:30;Strada Urbana;VIALE DEL TECNOPOLO;da specificare;;;;RAMPA DI RACCORDO A24  - CAR TIBURTINA ;Scontro laterale fra veicoli in marcia;Rettilineo;Due carreggiate;Asciutto;Asfaltata;Verticale ed orizzontale;Sereno;Normale;Buona;Ore Diurne;1;0;0;1;;;-1;1;Autovettura privata;In marcia / fermata / arresto;Conducente;M;Illeso;0;;Non accertato;Esploso
1878757;5;10/06/2011 14:30;Strada Urbana;VIALE DEL TECNOPOLO;da specificare;;;;RAMPA DI RACCORDO A24  - CAR TIBURTINA ;Scontro laterale fra veicoli in marcia;Rettilineo;Due carreggiate;Asciutto;Asfaltata;Verticale ed orizzontale;Sereno;Normale;Buona;Ore Diurne;1;0;0;1;;;-1;2;Autovettura privata;In marcia / fermata / arresto;Conducente;M;Rimandato;0;NON DECEDUTO;Non accertato;Inesistente
1878758;5;12/06/2011 15:30;Strada Urbana;VIA DI SETTECAMINI;all'intersezione con;VIA ALFREDO BUONAIUTI;VIA ALFREDO BUONAIUTI;;;Scontro frontale/laterale DX fra veicoli in marcia;Incrocio;Una carreggiata a senso unico di marcia;Asciutto;Asfaltata;Verticale ed orizzontale;Nuvoloso;Scarso;Buona;Ore Diurne;6;0;0;1;;;-1;1;Autovettura privata;In marcia / fermata / arresto;Conducente;M;Rifiuta cure immediate;0;NON DECEDUTO;Non accertato;Esploso
1878758;5;12/06/2011 15:30;Strada Urbana;VIA DI SETTECAMINI;all'intersezione con;VIA ALFREDO BUONAIUTI;VIA ALFREDO BUONAIUTI;;;Scontro frontale/laterale DX fra veicoli in marcia;Incrocio;Una carreggiata a senso unico di marcia;Asciutto;Asfaltata;Verticale ed orizzontale;Nuvoloso;Scarso;Buona;Ore Diurne;6;0;0;1;;;-1;1;Autovettura privata;In marcia / fermata / arresto;Passeggero;F;Rimandato;0;NON DECEDUTO;Non accertato;Inesploso
1878758;5;12/06/2011 15:30;Strada Urbana;VIA DI SETTECAMINI;all'intersezione con;VIA ALFREDO BUONAIUTI;VIA ALFREDO BUONAIUTI;;;Scontro frontale/laterale DX fra veicoli in marcia;Incrocio;Una carreggiata a senso unico di marcia;Asciutto;Asfaltata;Verticale ed orizzontale;Nuvoloso;Scarso;Buona;Ore Diurne;6;0;0;1;;;-1;1;Autovettura privata;In marcia / fermata / arresto;Passeggero;F;Rimandato;0;NON DECEDUTO;Non accertato;Inesploso
1878758;5;12/06/2011 15:30;Strada Urbana;VIA DI SETTECAMINI;all'intersezione con;VIA ALFREDO BUONAIUTI;VIA ALFREDO BUONAIUTI;;;Scontro frontale/laterale DX fra veicoli in marcia;Incrocio;Una carreggiata a senso unico di marcia;Asciutto;Asfaltata;Verticale ed orizzontale;Nuvoloso;Scarso;Buona;Ore Diurne;6;0;0;1;;;-1;1;Autovettura privata;In marcia / fermata / arresto;Passeggero;M;Rifiuta cure immediate;0;NON DECEDUTO;Non accertato;Inesploso
1878758;5;12/06/2011 15:30;Strada Urbana;VIA DI SETTECAMINI;all'intersezione con;VIA ALFREDO BUONAIUTI;VIA ALFREDO BUONAIUTI;;;Scontro frontale/laterale DX fra veicoli in marcia;Incrocio;Una carreggiata a senso unico di marcia;Asciutto;Asfaltata;Verticale ed orizzontale;Nuvoloso;Scarso;Buona;Ore Diurne;6;0;0;1;;;-1;1;Autovettura privata;In marcia / fermata / arresto;Passeggero;F;Rifiuta cure immediate;0;NON DECEDUTO;Non accertato;Inesploso
1878758;5;12/06/2011 15:30;Strada Urbana;VIA DI SETTECAMINI;all'intersezione con;VIA ALFREDO BUONAIUTI;VIA ALFREDO BUONAIUTI;;;Scontro frontale/laterale DX fra veicoli in marcia;Incrocio;Una carreggiata a senso unico di marcia;Asciutto;Asfaltata;Verticale ed orizzontale;Nuvoloso;Scarso;Buona;Ore Diurne;6;0;0;1;;;-1;2;Autovettura privata;In marcia / fermata / arresto;Conducente;F;Illeso;0;;Non accertato;Inesistente
1878758;5;12/06/2011 15:30;Strada Urbana;VIA DI SETTECAMINI;all'intersezione con;VIA ALFREDO BUONAIUTI;VIA ALFREDO BUONAIUTI;;;Scontro frontale/laterale DX fra veicoli in marcia;Incrocio;Una carreggiata a senso unico di marcia;Asciutto;Asfaltata;Verticale ed orizzontale;Nuvoloso;Scarso;Buona;Ore Diurne;6;0;0;1;;;-1;2;Autovettura privata;In marcia / fermata / arresto;Passeggero;M;Rifiuta cure immediate;0;NON DECEDUTO;Non accertato;Inesploso
1878759;5;12/06/2011 12:15;Statale entro l'abitato;VIA TIBURTINA;in prossimità;;del civico n. ;950;;Scontro laterale fra veicoli in marcia;Curva senza visuale libera;Una carreggiata a doppio senso;Asciutto;Asfaltata;Orizzontale;Sereno;Normale;Buona;Ore Diurne;0;0;0;2;;;-1;1;Autovettura privata;In marcia / fermata / arresto;Conducente;M;Illeso;0;;Non accertato;Inesploso
1878759;5;12/06/2011 12:15;Statale entro l'abitato;VIA TIBURTINA;in prossimità;;del civico n. ;950;;Scontro laterale fra veicoli in marcia;Curva senza visuale libera;Una carreggiata a doppio senso;Asciutto;Asfaltata;Orizzontale;Sereno;Normale;Buona;Ore Diurne;0;0;0;2;;;-1;2;Autovettura privata;In marcia / fermata / arresto;Conducente;F;Illeso;0;;Non accertato;Inesploso
1878760;5;11/06/2011 13:45;Statale entro l'abitato;VIA TIBURTINA;all'intersezione con;VIA RENATO SIMONI;VIA RENATO SIMONI;;;Scontro laterale fra veicoli in marcia;Incrocio;Più di due carreggiate;Asciutto;Asfaltata;Orizzontale;Sereno;Normale;Buona;Ore Diurne;0;0;0;3;;;-1;1;Autovettura privata;In marcia / fermata / arresto;Conducente;M;Illeso;0;;Non accertato;Inesploso
1878760;5;11/06/2011 13:45;Statale entro l'abitato;VIA TIBURTINA;all'intersezione con;VIA RENATO SIMONI;VIA RENATO SIMONI;;;Scontro laterale fra veicoli in marcia;Incrocio;Più di due carreggiate;Asciutto;Asfaltata;Orizzontale;Sereno;Normale;Buona;Ore Diurne;0;0;0;3;;;-1;1;Autovettura privata;In marcia / fermata / arresto;Passeggero;F;Illeso;0;;Non accertato;Inesploso
1878760;5;11/06/2011 13:45;Statale entro l'abitato;VIA TIBURTINA;all'intersezione con;VIA RENATO SIMONI;VIA RENATO SIMONI;;;Scontro laterale fra veicoli in marcia;Incrocio;Più di due carreggiate;Asciutto;Asfaltata;Orizzontale;Sereno;Normale;Buona;Ore Diurne;0;0;0;3;;;-1;2;Autovettura privata;In marcia / fermata / arresto;Conducente;M;Illeso;0;;Non accertato;Inesploso
1878761;7;12/06/2011 03:10;Strada Urbana;VIA DEI GELSI;in corrispondenza;;del civico n. ;130;;Veicolo in marcia contro veicoli in sosta;Rettilineo;Una carreggiata a doppio senso;Asciutto;Asfaltata;Orizzontale;Sereno;Scarso;Buona;Sufficiente;0;0;0;1;;;-1;1;Autovettura privata;In marcia / fermata / arresto;Conducente;F;Illeso;0;;Non accertato;Inesploso
1878762;13;12/06/2011 10:30;Strada Urbana;VIA OSTIENSE;da specificare;;;;svincolo di raccordo sulla Via del Mare.;Scontro frontale/laterale DX fra veicoli in marcia;Rettilineo;Una carreggiata a senso unico di marcia;Asciutto;Asfaltata;Orizzontale;Sereno;Normale;Buona;Ore Diurne;0;0;0;3;;;-1;1;Autovettura privata;In marcia / fermata / arresto;Conducente;M;Illeso;0;;Non accertato;Inesploso
1878762;13;12/06/2011 10:30;Strada Urbana;VIA OSTIENSE;da specificare;;;;svincolo di raccordo sulla Via del Mare.;Scontro frontale/laterale DX fra veicoli in marcia;Rettilineo;Una carreggiata a senso unico di marcia;Asciutto;Asfaltata;Orizzontale;Sereno;Normale;Buona;Ore Diurne;0;0;0;3;;;-1;2;Autovettura di polizia;In marcia / fermata / arresto;Conducente;M;Illeso;0;;Esente;Inesploso
1878762;13;12/06/2011 10:30;Strada Urbana;VIA OSTIENSE;da specificare;;;;svincolo di raccordo sulla Via del Mare.;Scontro frontale/laterale DX fra veicoli in marcia;Rettilineo;Una carreggiata a senso unico di marcia;Asciutto;Asfaltata;Orizzontale;Sereno;Normale;Buona;Ore Diurne;0;0;0;3;;;-1;2;Autovettura di polizia;In marcia / fermata / arresto;Passeggero;M;Illeso;0;;Non accertato;Inesploso
1878763;6;12/06/2011 03:30;Strada Urbana;VIALE DELLA PRIMAVERA;all'intersezione con;VIA DEI GLICINI;VIA DEI GLICINI;;;Scontro frontale/laterale DX fra veicoli in marcia;Incrocio;Due carreggiate;Asciutto;Asfaltata;Verticale ed orizzontale;Sereno;Scarso;Sufficiente;Sufficiente;1;0;0;1;;;-1;1;Ciclomotore;In marcia / fermata / arresto;Conducente;M;Ricoverato;0;NON DECEDUTO;Utilizzato;Inesistente
1878763;6;12/06/2011 03:30;Strada Urbana;VIALE DELLA PRIMAVERA;all'intersezione con;VIA DEI GLICINI;VIA DEI GLICINI;;;Scontro frontale/laterale DX fra veicoli in marcia;Incrocio;Due carreggiate;Asciutto;Asfaltata;Verticale ed orizzontale;Sereno;Scarso;Sufficiente;Sufficiente;1;0;0;1;;;-1;2;Autovettura privata;In marcia / fermata / arresto;Conducente;M;Illeso;0;;Non accertato;Inesistente
1878764;13;12/06/2011 12:30;Strada Urbana;PIAZZALE CRISTOFORO COLOMBO;da specificare;;;;in corrisp. segnaletica lato spartitraffico;Tamponamento;Rotatoria;Una carreggiata a senso unico di marcia;Asciutto;Asfaltata;Orizzontale;Sereno;Intenso;Buona;Ore Diurne;0;0;0;4;;;-1;1;Autovettura privata;In marcia / fermata / arresto;Conducente;F;Illeso;0;;Non accertato;Inesploso
1878764;13;12/06/2011 12:30;Strada Urbana;PIAZZALE CRISTOFORO COLOMBO;da specificare;;;;in corrisp. segnaletica lato spartitraffico;Tamponamento;Rotatoria;Una carreggiata a senso unico di marcia;Asciutto;Asfaltata;Orizzontale;Sereno;Intenso;Buona;Ore Diurne;0;0;0;4;;;-1;1;Autovettura privata;In marcia / fermata / arresto;Passeggero;F;Illeso;0;;Non accertato;Inesploso